,Group Id,Player ID,Position,Distance (m),Distance / min (m),Time on Ice (s),High Metabolic Power Distance (m),High Metabolic Power Distance / min (m),Accelerations (high),Accelerations (very high),Acceleration Load (max.),Speed (max.) (km/h),Speed (Ø) (km/h),Acceleration (max.) (m/s²),Deceleration (max.) (m/s²),Accelerations,Decelerations
0,1,63,1,5145,141.76852191689034,2300,689.0,23.957418491761977,4,1,8.364230322326245,21.076497629632726,11.406490276001655,2.321341025899192,-3.475886861827247,7,9
1,1,64,1,5528,145.51275939510327,2056,814.0,28.44006023548448,4,1,7.343129771118625,22.534045254861336,10.624682827437882,2.6128834694734877,-3.799986408771459,6,10
2,1,65,1,5565,120.20875318205395,2248,749.0,22.166112194405745,4,1,9.298779926575497,20.043337984680687,11.457403605479428,2.2078902877428375,-3.4745652641546494,7,7
3,1,66,1,5402,138.1264845989685,2754,820.0,24.662552744411457,5,1,9.742959696503947,21.916144287474467,10.035554981692613,1.9463289679927327,-3.445016415150206,6,9
4,1,67,1,5437,140.240917255762,2451,725.0,19.571699300377645,5,1,9.545881970426702,24.294781991665072,13.142618567547743,2.0423035898175463,-3.888619472941315,8,10
5,1,68,1,6034,159.58348818456045,2502,664.0,23.065591776738952,4,1,7.084569263943987,19.85306832218602,11.019817356301354,2.2960230279861666,-3.0069681568527735,6,10
6,1,69,3,5805,164.06699915699062,2052,723.0,24.11202146607315,5,1,7.622023221964024,21.014786686210122,13.371381170053196,2.1666590600278166,-3.6945330293576366,6,10
7,1,70,3,4257,128.63075179574113,2386,593.0,26.776685869778486,5,1,9.87503214323524,19.08739977780846,12.38790353365209,2.732757863265436,-4.166275349717088,6,7
8,1,71,3,5636,129.98463036995528,2388,635.0,27.288009062843024,4,1,9.559702077358613,20.80412185413035,11.857949081079326,2.464336520839459,-3.787434955507309,8,8
9,1,72,3,5747,117.15503867388338,1930,696.0,19.91688154353821,4,1,8.68474784801067,24.34506176028637,11.970972587281878,2.641353919098713,-3.7366431033091527,6,8
10,1,73,3,4964,153.42739430772968,2145,799.0,20.563647144841653,4,1,7.9871424614697,23.527413832060567,13.120318118439737,1.9552421492269145,-3.42674035655025,8,8
11,1,74,3,5615,117.66202990234841,2076,568.0,26.282100739369334,4,1,6.816597421722955,19.398856859662832,9.396583108201908,2.5646847663971837,-3.1294977696475508,7,8
12,1,75,2,5905,142.0462558905464,2021,614.0,24.38182968791296,4,1,6.966148646270464,21.704414336629466,10.497065654656872,2.662469063683865,-4.059421377861163,7,8
13,1,76,2,4192,157.45277030345315,2019,762.0,28.09402221032214,5,1,7.947354788064189,16.958175014366862,12.087110277860297,2.4707916690403082,-2.8946074961776005,6,8
14,1,77,2,6009,124.97411050932558,2527,592.0,19.606813528245564,4,1,7.909166040041295,20.94618295473812,10.888468403520251,2.626361593044669,-3.4911357991855687,6,7
15,1,78,2,4466,165.93438140811412,2528,681.0,21.074449088809622,4,1,8.347288620840134,20.424027001601406,11.685515402289898,2.271089144862076,-3.2613366193648,7,9
16,1,79,2,4836,160.52928396389711,2449,813.0,28.252241300003547,4,1,6.976226451616,22.353973084366576,10.922109601347174,2.0767805042736973,-3.769810892753811,7,7
17,1,80,2,4836,125.93435887058124,2134,741.0,22.77721294509973,5,1,7.687479753288544,17.38277330521245,13.113855067477825,2.18124450075032,-3.2417002868870375,6,9
18,1,81,2,5476,120.07480020643004,2355,702.0,27.989006268797326,5,1,7.657183432465172,19.858496891931203,9.62589301372671,2.5082177691887715,-3.449249683212867,6,9
19,1,82,1,5582,160.51273634003357,2026,582.0,19.38689482183197,4,1,7.538175721937809,20.40946331116083,10.230836244726161,2.1662855805216212,-3.686079820014892,7,11
20,1,83,2,4634,137.21851468240268,1944,593.0,27.470060369902704,5,1,9.176784961323825,20.737658923140202,9.271112029816711,2.1480173088220047,-3.6176177492234136,7,9
21,1,84,3,4829,136.29867939559432,2346,622.0,24.084829192036874,4,1,6.735562635193598,17.61843910118646,11.06245430110094,2.6940135388270794,-3.5254508857352693,8,9
22,2,85,1,5105,138.8747994287944,2005,607.0,24.874366319032347,5,1,8.488307726688127,17.893697087202273,12.26197794185443,2.3277801391896027,-3.6089557703288446,7,7
23,2,86,1,6149,116.98357876232397,2608,685.0,22.55935505319848,3,1,8.752092117961206,19.937600923778717,11.279791906358446,2.1691832668055184,-3.0102619917653204,6,9
24,2,87,1,4702,128.6912940951025,2198,576.0,25.970456152509612,4,1,7.228254249962935,22.859651222541288,9.260566892034294,1.8583540305619357,-3.2655993430631116,8,11
25,2,88,1,4889,118.35574424608706,2515,758.0,24.912210230219735,5,1,8.882681602519181,21.622518954102755,9.295125175644005,2.6089824570404385,-3.987953609566908,7,7
26,2,89,1,4547,127.66499680727205,1954,576.0,19.572907247237694,5,1,7.200995054584847,22.876140190307595,12.332504188949803,2.506750575984711,-3.7747093820709576,7,10
27,2,90,1,4596,146.47472091443464,2428,701.0,24.433161816814785,5,1,9.910355555057377,20.228214982115514,10.821767801619364,2.733539883556638,-3.5103528568627826,7,7
28,2,91,3,6036,148.6829931385825,2346,589.0,26.186780125683114,4,1,8.26279237795321,21.159056578938078,13.209584024289601,2.1073831152419538,-3.239000904091047,6,10
29,2,92,3,5530,165.46953909908837,2449,677.0,23.99636301339352,5,1,7.893317441898579,19.409314161394928,9.678784047886312,2.0541031612079195,-3.668191167089689,7,9
30,2,93,3,4607,115.58889891963031,2644,815.0,26.121993970536977,3,1,9.113205850419472,20.060197010580897,10.183970967644578,2.1306720256844525,-3.699512276372376,7,7
31,2,94,3,5072,151.2609174485858,2201,701.0,24.680300304994333,4,1,9.119067470263472,19.575141032076104,13.402200174515443,2.2447798196350175,-3.3535819725176794,7,7
32,2,95,3,5419,137.04937874131906,1864,806.0,26.958114426391347,3,1,7.726133569679719,17.50722860213121,12.660999101811242,2.289554761507301,-3.394062691911956,8,8
33,2,96,3,5984,165.88284393558325,1923,625.0,27.919263522137403,4,1,9.003142661374786,18.71866169680115,11.43753448509701,2.4448010008744836,-3.4596475062905854,8,9
34,2,97,2,5925,126.07720741131897,1952,685.0,19.41545024742682,4,1,8.299988938635604,24.487168901128438,13.65192458509376,1.884802935853895,-3.3715988664475223,7,10
35,2,98,2,4600,150.17319444004724,2488,626.0,22.939449154965104,4,1,8.691177012377105,18.148455823126778,11.56108493920192,2.1074607626873685,-3.5725357977808176,7,9
36,2,99,2,5651,127.6637035842261,2378,624.0,21.835309712223356,3,1,8.408681521886528,24.35148082378973,12.612046169287767,2.3547588748569295,-2.783386300425593,7,10
37,2,100,2,4846,165.23992470644367,2330,693.0,21.408392448121923,5,1,6.979492426258177,21.96297255870987,10.28471148356389,2.7192205630705195,-2.9736723555382376,7,8
38,2,101,2,4916,113.74517495490282,2043,649.0,19.500875113934015,3,1,9.508563522006144,21.166004308585194,10.721403967154314,2.348537400424241,-3.54734595442694,8,7
39,2,102,2,4997,130.77055452423514,1925,787.0,25.055095339357596,5,1,7.657665158779033,21.104843506736522,11.112839744522232,2.441833950970003,-3.384267758995308,7,9
40,2,103,2,4795,123.66029259897398,2263,569.0,26.520685351741427,5,1,8.238044075000303,19.00198904163383,11.720593167938045,2.3587881009180505,-3.4685462132233202,8,8
41,2,104,1,5757,125.32281363971153,2728,707.0,20.2150962839927,5,1,7.963598266280153,19.219584037591634,12.906099591179448,2.4933620725697043,-3.604862509409631,8,9
42,2,105,2,5660,151.0000080227753,2363,822.0,21.812471526878404,3,1,7.552128225794712,18.939790419199678,13.526818860795228,2.2538518032357926,-3.6539568788348635,6,9
43,2,106,3,5153,129.25871356520094,2070,822.0,25.77958848601145,4,1,8.948757174557251,19.874048385560766,12.479122087518277,2.500890354871919,-3.2683581251261304,8,11
44,3,107,1,5707,136.39395006124687,2362,818.0,21.06580557240653,3,1,8.864179538357128,19.45178006484015,12.444720903209198,2.482458094885547,-3.7137248291726523,8,8
45,3,108,1,5509,123.49997500806454,2389,743.0,22.294739753160698,4,1,8.020799079954399,20.461429413801795,10.57018873503807,2.0082291437934825,-4.084332530934024,6,10
46,3,109,1,5998,120.05451839132644,2135,744.0,20.84293356197749,5,1,8.048234795073302,19.971529454050252,11.44686045750941,2.550189319602085,-3.9032481174756777,8,9
47,3,110,1,4390,131.28234767766224,2156,626.0,21.714549122989983,5,1,7.564409978266081,17.509748790758625,12.191814671065922,2.5370605484399342,-3.314477710201726,6,9
48,3,111,1,5105,120.0228592144758,2041,628.0,24.39736886782244,4,1,8.814643107148655,17.954502472191802,13.071296044137645,2.067239352896411,-2.92089531061673,7,9
49,3,112,1,4893,140.33498235011243,2560,608.0,25.536823220841793,4,1,7.549920548422398,25.01993319562441,13.433941983213831,2.5174827557339827,-4.112131585518338,7,8
50,3,113,3,4430,133.55310571517407,2758,806.0,24.575889795662235,5,1,8.978044633792464,22.110713984138535,13.328144575892903,2.2644183541912164,-3.8239768439971287,6,7
51,3,114,3,5367,143.4949255418421,2475,824.0,21.972284950724823,3,1,9.978140870139612,22.943673139346167,11.519212210305502,2.557691321777501,-3.026680115600296,6,9
52,3,115,3,4964,121.47581478761698,2695,648.0,22.165656743613557,4,1,7.435096083383932,18.845461160828716,13.192687445363397,2.0119748787818703,-3.0641701297211585,6,7
53,3,116,3,4820,117.33911526422762,2361,790.0,27.822277802221485,5,1,9.427037851965219,22.677529212102048,13.49446501139154,2.0567193564890847,-3.0355884307364405,8,11
54,3,117,3,4796,163.92171294128676,2078,672.0,26.12339860764856,4,1,8.65956824490535,23.19712117812977,9.803767078554694,2.3159118548123514,-3.579839024014566,6,11
55,3,118,3,5049,135.80845687514446,2699,699.0,25.82878565832239,4,1,8.17786513974552,18.4771933436061,11.308842161761412,2.413949235904383,-3.3778560097945505,7,9
56,3,119,2,5230,140.3235828381772,2302,730.0,28.520627105706936,4,1,8.508704781342399,25.16531099880654,10.411071168323588,1.9972090167812158,-3.248582519741532,6,8
57,3,120,2,4273,130.8857314071085,2191,677.0,21.08239746352433,4,1,8.753821821824442,19.238085640595763,13.221010865547218,2.7470265434705357,-4.1122377396194585,7,8
58,3,121,2,4692,160.86995954219228,2502,816.0,28.622601234027286,4,1,7.116623663385966,17.246380724695534,12.060238859924342,2.1413291538239982,-3.846112027789549,8,8
59,3,122,2,5041,121.74612156284512,2736,579.0,26.890839460523857,4,1,8.81989156850776,22.986523868505316,11.682072188044629,2.569678294537466,-3.510854058782022,8,8
60,3,123,2,4591,120.38802074610547,2345,769.0,19.70039644068281,4,1,7.5817928133802,19.277332246201492,10.009147691951856,2.157160656332584,-3.144901357737023,6,9
61,3,124,2,5823,166.07339508613296,2405,733.0,27.719573825740973,5,1,8.078636908639723,21.50790248336876,11.126759203980862,1.9951239630849924,-4.146783354366223,8,10
62,3,125,2,5279,153.76185953741862,1928,646.0,24.768614060205305,4,1,8.998824449721306,24.446335080875098,11.008593356161361,2.0904330310308974,-3.5862275795024248,7,9
63,3,126,1,5963,155.04053867443758,2343,722.0,24.671491792870192,4,1,8.9177142942616,23.52876016046338,10.584458380389343,2.371542527689151,-3.665293164825527,7,8
64,3,127,2,4634,140.31609200113752,2330,571.0,21.685927121769197,4,1,7.489211593506408,19.25594953798959,9.884495734001137,2.4388662734834945,-3.1527320883066996,5,9
65,3,128,3,5054,118.26433053039204,2473,815.0,19.86561135164395,3,1,9.238493387825908,21.298068562409078,12.341934917735408,2.0703667931310323,-4.122804606588312,7,7
66,4,129,1,5810,139.7542663410094,2619,704.0,22.846820609244066,5,1,7.717729575613354,17.214165890075698,13.179379178081472,2.1131000781553375,-3.732775128440675,8,9
67,4,130,1,4605,132.1761066981322,2721,814.0,27.042413409691928,4,1,8.064065247273147,19.27210220592039,10.83257860833982,2.2785808846215527,-3.606704999482861,6,8
68,4,131,1,4487,123.43936188700255,1872,657.0,25.665739531169173,4,1,8.074515362163941,20.38437013896305,11.013809092108222,1.9568997062132882,-2.939332734809739,6,9
69,4,132,1,4667,160.85894148465047,2498,600.0,28.60561918542489,5,1,10.002085675568354,18.739866682459642,13.611592507359866,1.9189518623014856,-4.129153513990381,6,11
70,4,133,1,5162,116.05451688041438,2625,822.0,28.082706281454712,3,1,6.744740747063338,18.658185873560868,10.016835469089596,2.6761961958359572,-3.881636913977507,7,8
71,4,134,1,4655,138.30723163718883,1941,608.0,26.036025765628487,4,1,8.433574861744678,17.129833853811846,10.260278971551251,2.4710409338300305,-3.379601917900904,6,10
72,4,135,3,4123,152.60758281795228,2266,764.0,28.583644847862743,4,1,9.607077141795232,23.3727931868165,10.590312440580533,1.9489171928531044,-3.6696487904924497,6,10
73,4,136,3,5056,115.71313735525494,1958,730.0,22.649685554940262,4,1,7.105570216951807,22.176949822107375,13.43536009970811,2.1071069328305376,-3.7875964001336397,6,8
74,4,137,3,6002,156.3393440129253,2024,817.0,23.56187449061052,3,1,8.449517433630604,21.56969738563206,11.457478461335425,2.1762431119882755,-4.082983396868542,8,10
75,4,138,3,6120,150.13707429784617,2448,741.0,28.030935546802958,4,1,7.526666308110759,19.834510218105542,11.15875925990534,2.5345578321568176,-3.298375587746623,7,8
76,4,139,3,5895,128.7225228108669,2435,763.0,28.20852949134281,4,1,8.068242847995243,21.151932482418708,11.74020374682064,2.3299142751829773,-3.074985958247438,7,9
77,4,140,3,5932,162.65118264274804,2278,606.0,21.64505445426127,5,1,7.294782160929739,18.86307453177037,11.215076346099536,2.0374539465337542,-3.172669362247055,8,8
78,4,141,2,5007,126.67391098561589,1888,577.0,20.75340161010919,4,1,7.0385061931484865,22.89381143763562,11.015307294135482,1.973518202032449,-4.152944526444205,6,9
79,4,142,2,5862,159.1831290360838,2169,610.0,22.64028606666497,5,1,7.318900202336437,19.37095663199637,10.10056200044994,2.3587898075259117,-3.9790406418446733,6,9
80,4,143,2,5890,164.27579778017272,2394,807.0,20.19793033754763,5,1,9.887063775010494,21.404114290010796,12.172120229208621,2.767592242608599,-4.125027144351055,8,9
81,4,144,2,4967,127.83335925454898,1884,699.0,20.67981036923185,4,1,7.391454805217051,23.246833405547378,9.837484103925872,1.873470306991673,-3.401331231102379,7,9
82,4,145,2,5788,148.56977404067925,2379,801.0,19.72006743491099,3,1,9.99096935500197,19.113817824527903,10.094133352859268,2.104133944138262,-3.236439837570093,8,7
83,4,146,2,6091,153.1959472611232,1861,586.0,20.75859964014653,4,1,8.756988071615881,19.3231607692374,11.411447510455444,2.365794224334114,-3.951939600980183,6,10
84,4,147,2,4150,130.64108181487794,2323,605.0,23.904107689723386,4,1,7.568299084823597,20.580551788696027,12.121641522390746,2.5758846935472155,-3.4068390746362978,7,9
85,4,148,1,5319,169.31276614093076,1970,562.0,20.410386862844412,4,1,8.933185765569425,18.954976747618602,10.146376679905764,2.781761013590957,-3.604064556289151,7,9
86,4,149,2,6161,140.35576635650617,2418,628.0,20.889115483441856,5,1,9.993538730440978,17.807886510919353,11.188795611575054,2.2029872517488114,-3.679247347332585,7,8
87,4,150,3,4755,119.12907732306229,2197,670.0,23.118401791400217,4,1,8.439674551158198,21.059690287785276,9.562624998847285,2.3973208527811583,-3.977343047234749,6,8
88,1,63,1,4809,166.28613188160114,2476,723.0,24.8335048964578,4,1,7.289025654957449,18.74161102743119,12.241189569047338,2.5287273233207253,-3.5831931678573725,6,10
89,1,64,1,5207,117.43976793527274,2538,596.0,21.943156762016336,5,1,9.874804850923267,20.309735884593195,11.059549700317655,2.3855188830845266,-3.9294927566480857,8,9
90,1,65,1,5887,114.22672822611153,2561,560.0,26.330016138430032,5,1,9.853302955593612,24.780727647581543,12.945711537062563,1.9520251662538914,-3.031508945242393,7,10
91,1,66,1,5673,125.18795042980733,2260,821.0,20.09030920755023,4,1,8.990566192355976,18.172211834490362,10.709553984402694,2.002062488608207,-3.0519892382373666,7,8
92,1,67,1,5431,144.1120377199353,2740,630.0,28.37460386589254,5,1,8.820766429657926,21.78866846839308,9.955996593087615,2.152427083891004,-3.335547918357059,8,10
93,1,68,1,4546,167.14305998986293,2661,582.0,26.26595990788541,5,1,8.287013271302849,21.588761381961287,9.388667020615573,2.6129951056355036,-3.295236279269502,5,10
94,1,69,3,4143,139.51276143502685,2178,712.0,26.997558111281574,5,1,7.624550501115086,24.30402931635631,10.507746587097492,2.704799665271657,-3.9247189221738896,6,9
95,1,70,3,5367,117.13988201388379,2369,796.0,26.596499913446603,5,1,7.297001317279973,21.946091884150093,9.961076262864685,1.8947141035598802,-2.9710945849287174,6,10
96,1,71,3,4214,148.31759269610677,1971,624.0,20.13448050110159,5,1,7.60734452840277,17.63382534308312,9.230829297384474,2.3578553828487214,-3.8547844620529896,7,8
97,1,72,3,5122,150.17586384512984,2066,714.0,26.48624733532153,4,1,7.096163360606781,21.40747637254097,13.606931401697164,2.1575844494356704,-3.4347188895837415,8,7
98,1,73,3,4662,115.01750282615694,1943,628.0,25.73633005390878,5,1,9.527713267504495,18.826176292379827,12.762104272707802,2.4663352094789475,-3.4064718766887534,8,9
99,1,74,3,4479,148.9422180380813,2296,731.0,26.988429559669502,4,1,8.536908401235008,17.97208829058826,10.73736953078838,2.7542941757781763,-3.3473855670828545,6,9
100,1,75,2,4694,164.72195087049658,2535,617.0,20.680912861368988,4,1,7.51306982943891,21.51788746458561,10.640202280559174,2.674267291726402,-3.023014974026447,7,9
101,1,76,2,5064,145.36268445866006,2673,587.0,23.90082990230313,5,1,8.480690954505192,18.44534532195818,11.106236358934764,2.2784856145971135,-3.115561401268912,6,9
102,1,77,2,5802,114.69115167621088,1921,584.0,26.468012559829184,4,1,9.213501637826628,21.437507403314576,12.428340758630515,2.435424673938483,-3.0644758412195237,8,10
103,1,78,2,6041,124.57607178574808,2579,758.0,24.20379124249248,5,1,8.483892878341543,17.362845435493554,12.01412339217561,2.305002158007914,-3.194771212641025,6,10
104,1,79,2,5549,126.18318232877354,2432,640.0,22.628898800824313,5,1,9.69069470745446,18.52298589105192,12.122529982560328,2.6900758649207384,-3.546335753396523,8,9
105,1,80,2,4186,126.88255468714183,2350,759.0,24.145845053813883,4,1,8.687309091219205,24.275520118474695,12.518832980959008,2.569920673701293,-2.8549781546721955,7,10
106,1,81,2,5964,121.20262745947157,2092,575.0,22.58347259895796,4,1,6.912817917417976,19.50516344614154,13.32346974879496,2.7441592637859635,-3.374279710074015,6,10
107,1,82,1,6111,118.19639861988907,1984,645.0,25.86374677640883,5,1,6.911706642421119,25.172257939908814,13.520622020358868,1.9719641230088283,-3.396788492006104,7,8
108,1,83,2,4248,137.83791066209565,2331,625.0,26.79497005875182,5,1,8.742693786123528,23.2567377257508,10.29704264840999,2.4253944523749267,-3.6108781364935996,6,7
109,1,84,3,5120,150.3051250110837,2431,734.0,26.173112869801916,4,1,6.775039889133113,17.97300570106852,10.950484012279503,2.142417130968267,-2.851401319921275,6,9
110,2,85,1,4390,114.55048113507473,2340,790.0,24.748586166993178,4,1,7.038190091591309,23.880964690810593,10.042528480786103,2.7486328401976463,-2.872720784487705,6,10
111,2,86,1,5683,126.44650056482408,2279,584.0,24.42388653484444,4,1,7.071061660248862,17.573252570738493,11.831945998587784,1.9723619131705914,-2.9551351188370236,6,9
112,2,87,1,5724,155.59668530709325,2243,818.0,20.082478811967757,5,1,7.278278794767439,18.69995410190114,9.610475605757932,2.3908233836823896,-4.073915049978584,8,9
113,2,88,1,4726,155.51286274737095,2037,765.0,25.17263617145705,5,1,9.366544468976697,21.218119137710712,11.458954982518378,2.309193210428571,-3.443046572286417,5,9
114,2,89,1,4644,143.05703129345383,1933,564.0,28.70120770129399,4,1,9.173009247122545,18.670580724047653,13.520901266528641,1.94863186952917,-3.22637005379239,8,9
115,2,90,1,5196,135.3560456247812,2741,594.0,19.492173313661677,3,1,7.558041780592464,18.572419812843723,12.89916947955108,1.9656350844140371,-3.4533374349934243,6,9
116,2,91,3,4413,144.09273369787948,2310,606.0,19.26958383232996,4,1,8.882455338203146,22.819997588294925,11.191968467820079,1.9932209132308454,-3.9193947544425853,8,11
117,2,92,3,4319,157.92776318619855,1855,752.0,24.963031837327843,4,1,9.438911529763168,19.08427524040069,9.882666062273197,2.0368230296392773,-4.119363704804491,6,10
118,2,93,3,5338,134.74649663324004,2298,762.0,28.627573797752074,4,1,9.671890428458141,21.684507638807347,9.77182015459402,2.626122924007622,-4.025777257263929,8,7
119,2,94,3,5513,154.39863064937504,1935,749.0,22.68971072656015,3,1,8.671840482475075,21.424051625034746,10.153872180989325,2.5101538748872887,-3.415225035639696,6,8
120,2,95,3,5768,143.24579612442807,2270,653.0,24.319028659640406,4,1,9.418954806967202,21.560764483606235,13.057354108066502,2.2895869196567586,-3.4471955711812887,7,9
121,2,96,3,4985,140.9936693828727,2425,725.0,19.23194889846791,4,1,6.918287616021514,23.190323201942263,11.310860787910912,1.9752600220693661,-3.851361915507032,7,8
122,2,97,2,5211,137.61332626005208,2169,693.0,20.595069819128128,4,1,9.371673106141891,20.409648228124002,9.150402560964974,2.367761483352804,-3.273601849655417,6,11
123,2,98,2,4738,127.27649257751382,2202,659.0,24.118758741347026,4,1,8.003544115648781,17.702103294620184,10.038988419759633,2.5777002425867384,-3.077506547264806,6,10
124,2,99,2,5992,148.75370387211754,2523,610.0,23.625087760424066,4,1,7.973186410870251,22.112617634993605,11.901190943203085,2.6520389588759667,-3.957289793286134,6,10
125,2,100,2,5384,117.6183697738416,2320,750.0,24.487059543359145,3,1,7.610320883298356,22.15095649766404,10.607349652678991,2.669354029718131,-3.3454005994736002,7,10
126,2,101,2,5277,124.07256912550433,2667,665.0,23.577210073449454,3,1,8.529105095009998,24.730237608547274,12.745918062271768,2.332429552535438,-3.8438928573512037,6,9
127,2,102,2,5995,129.15958024340674,2460,633.0,22.79256500604809,4,1,7.0049276363365465,21.84339561940048,13.243280596515362,2.6745581028211545,-2.783528256524799,8,10
128,2,103,2,5615,125.42600468470029,2530,622.0,21.548694784129268,4,1,6.7082535028188195,21.283966787038466,11.643700466523365,2.7846038790817103,-4.096675320105863,7,10
129,2,104,1,4592,148.11588842706587,2366,713.0,25.38514610795705,4,1,9.556806999773222,21.68235642465432,10.518613569035256,2.1810555939349054,-3.9142346606892984,7,7
130,2,105,2,4334,168.5106034642048,2424,631.0,22.69942239274114,4,1,6.986601040472423,21.82048194715867,9.514140842103355,2.479628724034391,-3.901240340878277,8,9
131,2,106,3,5608,151.11326676491828,1846,803.0,28.419079113945333,4,1,7.9987854635754445,18.065922075797587,9.549587604696988,2.6271310940849624,-3.2671894089429325,7,11
132,3,107,1,5024,156.1960444402975,1921,592.0,25.797575050328994,4,1,9.154366610530856,17.55598358277164,10.521572861760653,2.0178078675830826,-4.086182330308672,6,9
133,3,108,1,4965,160.39464300826145,1946,594.0,26.24982208248443,5,1,8.118677578247114,18.997763295627074,13.615519244553365,2.0273828840033725,-3.0003331303262337,7,10
134,3,109,1,4267,121.48700374986159,2546,696.0,24.97734333532398,4,1,8.32522673278393,21.567677423681786,11.01630080477562,2.552852701867222,-4.0897478601265425,7,11
135,3,110,1,5240,131.0093485109726,2704,707.0,19.269448783662654,4,1,8.33542437865002,22.025836334360793,11.121105941478728,2.2352497791832944,-3.1157011254104465,8,9
136,3,111,1,5121,144.08465667277335,2735,569.0,22.857000548025386,4,1,7.852378846489794,20.18218843311746,11.531342419301811,1.939923910417966,-3.075993008558526,6,10
137,3,112,1,4428,118.7465074945501,2305,562.0,28.112360974328574,4,1,6.720399623250265,17.237616158215587,13.113633469393223,2.6203633952482464,-3.362975546395434,7,9
138,3,113,3,4850,160.83489849074547,2398,767.0,21.864584060787415,5,1,9.528973991388902,24.344566515861136,9.282288792818427,2.347370468249403,-3.5803917264112264,8,9
139,3,114,3,4871,141.36437460295392,2229,580.0,28.100935101438694,5,1,9.997090062450535,25.000941999388623,9.19772062857703,2.6546123023010058,-3.5485727593412295,6,10
140,3,115,3,6073,131.4277373749003,2645,755.0,27.375961747683753,5,1,7.169761014261929,19.468653613364527,13.052220306411005,1.9713757720514549,-3.159745056611546,8,8
141,3,116,3,4792,156.5259475451037,2450,703.0,27.769039700406417,5,1,9.907120309128658,21.032326546241702,12.535430632889314,2.717270581216248,-3.214322128820804,7,7
142,3,117,3,4441,123.9693862420223,2418,679.0,21.524027690461363,4,1,8.059232997220366,25.000435479571507,13.366123111544567,2.440280744333945,-3.942111254645199,6,8
143,3,118,3,5460,132.1739551764739,2083,695.0,22.826238984245553,5,1,6.794286372862315,24.475299404156907,12.84972687979183,2.2506017786677965,-3.2060813048976726,8,10
144,3,119,2,5117,152.73612273192904,2637,670.0,22.604339597701745,4,1,9.13927325938155,23.44220881059308,12.058698388274799,2.7468952955585157,-3.5315970893968807,6,9
145,3,120,2,4135,114.29158035219322,2691,787.0,25.725458091687177,4,1,8.723853412653217,17.377245048223234,10.429434540877772,2.260922390646536,-3.0991351340745377,6,10
146,3,121,2,5545,131.8664522057396,1879,789.0,27.099687646224435,4,1,6.947206124016286,18.24683642474139,10.83699753048484,2.4750927250764563,-3.7433234366788932,7,9
147,3,122,2,4659,120.0411919950585,2627,581.0,22.020023081199408,4,1,8.844760108830895,17.684145794456867,12.571897317095516,2.757800074663338,-4.118466707416395,7,8
148,3,123,2,4428,154.76702352347692,2617,795.0,24.275232194863186,3,1,7.699418154249558,24.25651216952817,12.34432739537658,2.494801461608911,-3.2718469553934058,6,8
149,3,124,2,5833,119.33701131975047,2151,640.0,27.3987919132477,4,1,9.915001347643065,24.68548501426009,11.331726284737359,2.1766967266392663,-3.528786964533129,7,9
150,3,125,2,4242,121.5294062433492,2748,770.0,20.921376198643326,3,1,9.095922720406048,20.59961145791358,11.260834287712761,2.588100455305772,-2.835097570108524,7,11
151,3,126,1,4673,156.53657267066063,2554,656.0,26.791727247557073,5,1,7.074189328486452,16.980001871339738,11.378853634593657,2.3329785580608338,-3.7492742547755435,8,8
152,3,127,2,5627,160.25995199624117,2705,806.0,22.824209469645222,5,1,7.175962311220168,20.620045600353166,11.377389045861058,2.0686965046325376,-3.8997115215472045,6,10
153,3,128,3,4563,149.7612098197927,2588,578.0,22.89630244312738,4,1,8.873690028471504,19.810238680187247,11.939016497631993,1.9461769901331525,-3.526550394276306,8,10
154,4,129,1,4873,147.02431528417753,1945,706.0,20.56877082942345,4,1,9.529248404583413,18.584391682412107,13.625430166212098,2.6298544883813477,-3.3742255491647795,8,9
155,4,130,1,5426,147.6429828163281,2261,673.0,22.133408854313252,4,1,8.385949505493835,23.972075797458906,11.285815336977176,2.061518813312083,-2.97566866443972,8,11
156,4,131,1,5194,165.0008445140465,2280,729.0,19.492362931602006,5,1,8.481462400606752,22.745981314865748,9.710790339958841,1.8811371719795507,-3.4980711273273,6,10
157,4,132,1,4959,166.43451501937224,2365,644.0,28.43212394489644,5,1,8.899172801885811,19.773049933316063,11.586945167860701,2.279647903206763,-3.7402414510083357,6,9
158,4,133,1,4592,168.15384929659012,2118,798.0,23.85846234640127,4,1,6.849801612456301,22.044308463097394,10.346457382392371,1.9002361263222411,-3.5715457163331172,6,8
159,4,134,1,4546,126.50824411947288,2495,613.0,20.3064648159863,3,1,7.249720090595851,20.671986587468606,12.724161133489194,2.061536547650917,-3.822975721107909,7,8
160,4,135,3,4452,159.23500135006432,2590,703.0,21.205132593556193,4,1,9.25938467927372,19.926185469785167,10.846940387156216,2.4643068229132994,-3.5008811744469583,7,9
161,4,136,3,4317,120.46642746386236,2407,821.0,24.12007963252013,4,1,8.121968275683663,20.455574605435118,9.930905279626419,2.5343082849376444,-4.148176537564545,7,10
162,4,137,3,4566,123.73123636260891,2270,627.0,26.742981397478385,3,1,9.059604967266493,20.94906041780336,12.858482347095896,2.7484169318976006,-3.265451580612093,8,9
163,4,138,3,5902,117.3397403838047,2689,596.0,19.271215036752764,4,1,9.65921548693903,24.934776150984902,10.32766859494302,2.332216723008478,-3.5240649790030156,8,11
164,4,139,3,4369,161.416480524411,2312,651.0,21.32247451811702,4,1,9.795250921961127,17.25126599180282,12.087154954666937,2.0221900883806483,-3.3935191818132933,8,11
165,4,140,3,4351,148.8317516920147,2135,553.0,21.176932041609756,5,1,9.595979371015591,19.312510626900043,9.49176989553094,2.1319241999716185,-3.4513868691690948,7,9
166,4,141,2,5097,132.33825106154154,2049,652.0,24.791230767192076,4,1,9.48095793668214,21.591190574887342,9.796768337688043,2.7807627812769704,-3.5809219043489087,6,9
167,4,142,2,5323,147.7989459180883,2052,635.0,19.986814349610285,4,1,7.680777223198623,22.255720181940163,11.215981175258854,2.110212028820699,-2.79327540975888,6,10
168,4,143,2,5030,119.54743116503323,2535,783.0,26.88565966950781,4,1,9.31322902624613,18.951000232941205,13.598055922140134,2.3116378578239227,-3.249743151919699,7,11
169,4,144,2,4388,125.91456848471354,1959,729.0,27.398595166286306,4,1,7.3745207889815605,21.758093866661014,11.678979738651172,2.6658639982710852,-3.6262494619864927,5,9
170,4,145,2,5831,124.01825557528272,2062,659.0,25.16543334310429,3,1,6.97680489357142,22.198175086572824,9.569824521798235,2.424142507522862,-3.969116612855796,6,9
171,4,146,2,5830,150.78542141198287,2198,743.0,23.61470468728508,4,1,7.466853723880323,24.350545066513156,9.387877374664395,2.0372760866276574,-3.033293465220198,7,9
172,4,147,2,4283,115.77473620667617,1960,632.0,23.288338097366463,5,1,9.112708817758202,19.285270744504842,11.187092294958104,2.250135267178872,-4.084107944246079,6,9
173,4,148,1,4196,145.72463471768395,2445,780.0,23.653000690995732,5,1,7.083457980522072,21.440323157306512,12.545737872468349,2.1283936185602332,-2.9225903838147476,7,10
174,4,149,2,4937,138.80528112026116,2638,697.0,22.049087273634413,3,1,9.413612690303651,19.50594015688998,11.426027364791599,1.9032843910718638,-4.150949668022348,5,9
175,4,150,3,5507,135.07832450450744,2198,705.0,19.415191707133257,4,1,8.273544981398771,19.53484376349681,9.971222387077663,2.231478610450994,-3.0822923622127387,6,8
176,1,63,1,5710,159.11576594859926,1927,620.0,19.69725591493488,4,1,6.891639883294134,22.210247197821943,13.573790633768766,2.0787177321230326,-3.4401808802845055,8,10
177,1,64,1,4966,136.22793824531973,2588,758.0,28.739940415537085,4,1,8.275702782003393,22.291279861928206,12.84184890713384,2.5336494257226763,-3.538227998006362,6,8
178,1,65,1,6055,169.191702118039,1917,566.0,19.68236564883277,5,1,8.831065877063379,21.722372590850618,11.587924968685687,2.6213982034325896,-3.3510317537888703,8,8
179,1,66,1,4897,131.82633508910988,2476,742.0,28.710008696534196,4,1,9.958432478345177,18.65591698890163,9.836902013534043,1.878287160223497,-3.15960076881367,7,8
180,1,67,1,5339,145.86773966096754,2231,799.0,21.422764194517008,4,1,7.105297985962052,20.779292337296226,10.012143853599236,2.0826815461561545,-3.8944091468455717,6,8
181,1,68,1,6055,116.78059598334292,2139,577.0,20.07627416369893,4,1,7.651639740753366,21.991113582372453,13.254151793703741,2.323233998000774,-3.858101647915154,8,7
182,1,69,3,5552,143.02144462997708,2001,711.0,27.836170903357065,4,1,7.684453657554675,18.43094078824892,13.562046243511157,2.103613872984319,-4.069469235230924,8,9
183,1,70,3,5930,156.32616628087482,2691,676.0,26.09487532946026,5,1,7.901109809474663,19.32101338406069,9.183084494161081,2.7257611351854543,-3.5707698996337385,7,9
184,1,71,3,5143,155.20643225058328,2295,665.0,20.678255240224605,3,1,9.158521819523562,19.393353592838203,9.567971346574186,2.305541806275311,-3.8452383148902394,7,9
185,1,72,3,5107,153.55086936309897,2547,797.0,25.751001479270556,4,1,8.806292432498735,20.892967571355307,13.266563680535924,2.5846892938893475,-3.4999783937703697,6,8
186,1,73,3,4324,148.4898744947465,2253,639.0,26.612646737033078,5,1,9.918953228173171,17.831485919508797,10.931054987528173,2.2841823450682988,-3.0570141207828776,8,11
187,1,74,3,5840,117.04922443753928,2108,617.0,25.876600740287724,4,1,9.953397486884185,22.853528972333695,10.449582939309956,2.7307597419847713,-4.080831107598746,7,9
188,1,75,2,4424,132.17318058930965,2561,794.0,28.354898406867562,5,1,7.079929005334484,21.886748355428338,10.456669941440634,2.441529514297692,-3.511925445669792,7,9
189,1,76,2,4132,124.8331520780191,1856,815.0,21.56435533006595,5,1,7.06227188040362,20.748129226658087,11.329437520615238,2.421244157327874,-4.1143602817866025,5,11
190,1,77,2,4120,140.23210770527012,2114,605.0,19.301733794645056,4,1,9.376415608570825,24.143204839531187,9.127452290010911,2.6439576925024983,-2.840253703616294,6,10
191,1,78,2,4995,137.76717508208554,1859,698.0,26.63641718688059,4,1,9.288006041870059,17.384938733165452,10.597148537926996,2.520683440073767,-2.964144185126271,7,10
192,1,79,2,5216,128.70787193731744,2268,632.0,24.023049394940102,4,1,6.9652193196066605,18.858945635224288,12.483489340417359,2.5332563766312286,-3.0949461404278105,7,10
193,1,80,2,4381,158.68616620716958,2260,818.0,22.550885786617627,5,1,7.4820805256537986,18.02051743944128,9.821761405286429,2.6435774614025447,-3.183021274338492,7,9
194,1,81,2,5986,139.57490378113147,2352,808.0,25.33776989969033,5,1,8.714437610254471,17.15835674656833,10.86864164577908,1.8637280758703123,-3.0377445992812886,6,11
195,1,82,1,6133,121.42632651491995,2162,733.0,26.058807911971762,4,1,7.300537687981167,17.27712398462664,11.219018751209928,2.743865987163389,-3.4138324980083516,8,8
196,1,83,2,4857,160.89827502312323,2014,778.0,28.270268091605793,5,1,7.215676696402514,22.515803262050675,9.429893231798703,2.087774878910986,-4.02867511086831,8,11
197,1,84,3,5872,135.9401166825613,2263,647.0,25.98021090889073,4,1,8.826514473839206,22.59669406455469,11.593477458489879,1.997772429072948,-3.8843793467924277,8,10
198,2,85,1,5370,126.1816776542371,1955,596.0,25.598997527591752,5,1,9.477745142398767,24.966300270702703,10.497484356082696,2.5549162821439237,-3.787894523254354,6,8
199,2,86,1,6104,165.35160009595478,2402,651.0,27.219224614950583,3,1,6.749978036387341,21.40738364152683,11.937130784066852,2.7366113454965237,-3.5087825130675023,8,8
200,2,87,1,5364,126.27072667007077,2190,789.0,22.5576511239104,5,1,8.121225399318588,25.217928768877506,9.737051455039836,2.464806425361226,-3.6644416476367514,8,7
201,2,88,1,5521,136.28610977171041,2390,776.0,19.99688789976651,4,1,8.478023560307427,19.25695111236994,13.60157420040268,2.1337777767564847,-4.008307473647251,6,9
202,2,89,1,5960,134.0000246394307,2679,716.0,19.961183038998126,4,1,9.68739178783153,20.277759510408874,9.861498203896383,1.8909415507220666,-4.038347141606577,8,11
203,2,90,1,5840,143.3166445171289,2068,586.0,22.240452713303554,4,1,7.281388160242903,18.333771571902798,12.717975153699062,2.6492291930139182,-3.6570607970219715,5,8
204,2,91,3,5764,120.7902803195486,2428,714.0,25.874040209465676,4,1,7.373179914483478,20.125534772409537,9.414850424570243,2.4959706461306643,-4.139973234455347,8,11
205,2,92,3,6021,125.15598107139829,2500,723.0,20.599969908685733,4,1,8.066993221565259,20.04894777306237,12.834772649197191,2.6440595669698688,-3.3508383171403278,8,10
206,2,93,3,6052,145.4574233955152,2352,726.0,21.45131061906715,4,1,9.865089647014432,18.53676970123712,9.85085815857444,1.9813588162331592,-3.8774566829077477,6,9
207,2,94,3,5855,150.2007549976653,1943,704.0,26.965977145574747,5,1,9.623006843130792,21.57409378637871,9.794452501029618,2.648439784772431,-3.345825438111886,6,10
208,2,95,3,5868,147.50367868359857,2509,591.0,23.941925446840063,4,1,8.986570997965469,18.350392810983895,10.751621023800816,1.8787007113739753,-3.2357990046428196,6,8
209,2,96,3,5742,120.9583486357299,2138,657.0,24.459484739541356,5,1,9.999674752545806,22.805674015526925,10.304372767512216,2.7460488034911847,-3.565581024338257,7,9
210,2,97,2,4688,167.6768437946741,2585,781.0,27.17339673998864,4,1,8.229178739880595,22.57647611320705,9.50335674893006,2.71329229608905,-3.5533546236011566,7,9
211,2,98,2,4791,138.0085865406145,2236,765.0,25.399647729480016,4,1,6.869873577642359,21.013079709546744,10.426611697055934,2.091593609614756,-2.9938166667859267,6,11
212,2,99,2,4236,117.49700079820536,2220,575.0,24.984293391444737,3,1,9.79835701821875,21.985552115210794,11.069618482900383,2.1262919857450155,-3.7511041283516087,8,9
213,2,100,2,6017,169.63980425041296,2148,709.0,28.572531314128746,5,1,8.433892384422322,17.685585336670467,13.507499633950367,2.5694267780921236,-4.065895926762899,8,9
214,2,101,2,5465,149.2486260136897,2092,788.0,21.055606170360363,4,1,10.018613616783423,18.788443918306935,11.16181096284232,2.2217901911960496,-3.116059129360359,8,9
215,2,102,2,6158,122.91060861182301,2758,658.0,25.343856298554748,4,1,7.504862872930643,19.568544658630174,10.015839829640521,2.6949490990505707,-3.0268860726008113,7,9
216,2,103,2,4778,131.87270369317292,1915,768.0,25.267865943241617,4,1,7.995322188147163,24.443882382620007,12.380642224332522,2.0917750459559925,-3.578415070744229,6,10
217,2,104,1,5380,121.08279594344951,1948,667.0,20.823106858337646,3,1,7.181365094709091,19.594988331183806,9.530068561146145,2.173684870346274,-3.586401107582482,8,10
218,2,105,2,4688,161.78067148893618,2605,588.0,19.858306222487005,4,1,9.089792110099534,21.733190632259465,12.344544318984287,2.624531770137002,-3.2587534234286917,7,8
219,2,106,3,5396,169.12102714713222,2233,653.0,19.609138927664944,4,1,9.825504351525872,23.505418710467268,9.740685856081658,2.0945245056832578,-3.767328167645008,8,10
220,3,107,1,5731,144.37795953208592,2635,564.0,24.931313387396923,5,1,7.889054222033067,18.427652704479737,12.69802787545423,2.1359652013715764,-3.3060472687510685,7,11
221,3,108,1,4876,138.33694381192433,1883,818.0,20.195452985583184,4,2,7.14684295921868,18.565205505115895,12.344354823768342,2.3899486676688966,-3.5721308537188263,8,9
222,3,109,1,4337,119.55658481705282,2256,702.0,20.598920355364086,4,1,7.820474492083163,18.849476928195603,12.680321429629146,2.5836237837304386,-3.404164178413471,7,8
223,3,110,1,5772,115.05630080213561,2548,620.0,20.422086959755696,5,1,8.505576067725896,20.336420458014327,10.478484276972754,2.043583918927023,-3.8787890438344927,6,10
224,3,111,1,4167,162.15663998729968,1866,634.0,23.93084152819226,4,1,8.411847181452071,23.5448146333358,10.798924670359833,2.1134885152745486,-3.414001980180855,7,11
225,3,112,1,5071,153.89830450282713,1866,669.0,19.84580642767916,4,1,9.536996938777841,24.151138096682363,10.611373883500638,2.1620737957960463,-3.2647319233129193,8,8
226,3,113,3,4246,125.93716703847761,2358,668.0,26.955190075876736,3,1,7.224208850432275,18.71995872953128,9.239737456693412,2.169456454535952,-3.741456070237117,6,11
227,3,114,3,5971,153.02875332931274,2279,636.0,20.453215275099517,5,1,9.810715613412567,22.652108967936087,10.709050018137907,2.315816945622747,-3.4713251972297163,6,11
228,3,115,3,4417,140.9623632795001,1890,637.0,22.645415461620704,4,1,9.64853411180624,24.99796037158875,9.822265093413895,2.2178196136470314,-4.043747396097384,8,7
229,3,116,3,5448,133.5610891616266,2553,801.0,19.86023573075344,4,1,9.172820005953813,19.816129769898463,11.903757869315681,2.526701767026143,-3.910276103888666,7,10
230,3,117,3,5256,142.12555605647583,2246,650.0,28.645421652905867,5,1,7.464880851653632,22.510610115497457,9.443651657694174,2.5972833156232293,-3.221867106896212,8,9
231,3,118,3,4713,167.99840106942275,1924,744.0,25.558829691440653,5,1,6.974233463657513,18.240841276944174,10.786340657059894,1.9290009446084693,-3.154969680850148,8,9
232,3,119,2,4749,135.83595787084573,2126,637.0,24.882560791860897,4,1,9.234863755575432,23.443714426941163,10.148278749390288,2.074414563136994,-3.9531397964286703,8,9
233,3,120,2,5180,136.8044178270575,2157,721.0,24.671659898078026,4,1,7.255522578824082,18.72723019134395,13.049394358832856,2.2391301780240633,-3.170521793517896,8,11
234,3,121,2,5372,142.7608063713951,2470,776.0,28.377170228775487,4,1,9.913761616455966,18.623179389460127,12.326066449368401,2.3824750383415902,-2.9356036264809995,6,8
235,3,122,2,5213,137.18812255387215,2259,570.0,20.511008086406193,3,1,7.741359153406316,19.664428625646387,13.362984915838325,2.099583600746623,-2.967181212341273,7,10
236,3,123,2,5561,115.56746700901533,2128,587.0,24.703190442113733,5,1,9.44704377010616,20.50259045520062,13.080166645699641,2.4288744960531856,-3.4908426964721913,7,9
237,3,124,2,4573,156.83047926250757,2043,626.0,26.72376515084264,4,1,7.580688763274911,17.742295805909926,10.640366562372474,2.689516391361593,-3.3464540714200437,6,8
238,3,125,2,6115,136.03751114105984,2537,771.0,19.353449527265823,4,1,8.545866631981731,18.422644747755953,9.319701170270823,2.440994489983953,-3.487699524665989,7,9
239,3,126,1,4996,147.71200956842924,2558,728.0,26.479138894892714,4,1,8.82446207122014,20.014153192965946,11.795368664681321,2.0015615327461544,-3.2229096808217284,7,8
240,3,127,2,6087,145.54186891075747,1944,736.0,19.20521254648756,4,1,9.899133483694458,16.87492241954633,10.22433157019043,2.5015278339155786,-4.055920610714428,6,9
241,3,128,3,6029,142.0932256696719,2140,711.0,24.918390969077695,5,1,8.108921033699644,20.480534722724023,12.231401008291002,2.7534364914730687,-3.434719066059063,6,10
242,4,129,1,4656,125.69614414570178,2741,773.0,26.82768165790654,4,2,8.541025961754174,23.973548003660447,12.854757896484266,2.001734358228776,-3.153950818298556,8,10
243,4,130,1,6058,155.98297302423904,2146,585.0,22.33105311416772,5,1,9.31569820273606,18.081050708667814,12.511572987267765,2.489298308417529,-3.09005714455491,7,8
244,4,131,1,5203,142.81430357788776,2760,643.0,21.71151377008114,4,1,8.163488438450543,19.63892113120876,10.881565042506898,2.327750333446006,-3.415926929840669,6,9
245,4,132,1,5961,132.3443004808036,1907,807.0,27.454065417967605,5,1,8.070464072271237,25.07865336985079,13.447830665147656,2.5470398485858636,-4.020463313718647,6,10
246,4,133,1,4364,133.18014280713265,2159,698.0,20.11862286028061,4,1,8.182278647646713,23.048848884299893,10.77899919121516,2.593066133861316,-3.6923822894876217,6,9
247,4,134,1,5802,133.0482157512987,2365,622.0,25.531418599177975,4,1,7.3228841716185,24.981184220634958,9.359357073854015,2.2705486468147513,-3.949508090201,6,10
248,4,135,3,5310,163.88116995688776,2326,580.0,23.787168705882397,4,1,8.240710126760002,24.58390021198232,12.204801956362143,2.6067307515507983,-3.898303127993993,8,10
249,4,136,3,5513,124.17716264929062,2247,586.0,20.624348514532947,4,1,9.525636048424113,23.88612164573283,12.030215453218867,2.246619382501162,-3.8257927111723427,8,10
250,4,137,3,4958,147.2384512958207,2333,617.0,20.255500250921095,5,1,7.8803588767547925,21.06878133835982,12.583313135583039,2.1300116730232292,-3.842457814297502,7,9
251,4,138,3,5475,169.95035198643387,2604,651.0,22.180196488247027,5,1,9.780023614667247,17.880217587603816,9.663369879114088,1.8871541250362895,-3.0028384491257882,7,9
252,4,139,3,4287,162.93791777526712,2394,824.0,19.392993757840618,4,1,6.9204060926391415,25.263214245161578,9.58796333192797,2.550292700538969,-3.286604406133302,6,9
253,4,140,3,4987,142.3552473467529,2545,620.0,26.818102397392373,4,1,8.542523941436933,17.997081618916486,10.314649521380113,2.0649288856223653,-4.127425748088864,7,10
254,4,141,2,4494,122.15781056989046,1970,728.0,26.999272604302043,3,1,8.89018920082587,22.5204954146863,13.29553031981649,2.669248034189705,-3.444780950314689,7,8
255,4,142,2,5786,137.20781953448963,2393,689.0,26.88185719047774,4,1,8.975383969553656,20.691813958857917,10.612834749914065,2.3789927538757336,-3.1257009013959394,7,9
256,4,143,2,4277,131.93710941140895,1974,576.0,21.412373091530373,4,1,9.666889200581545,22.99740715736077,12.665659148661387,2.6281037463126427,-3.2196031159420277,5,8
257,4,144,2,5684,119.11544154110786,2539,675.0,26.400312793090333,4,1,8.463889731567715,19.345745893310003,11.941455443477938,2.157794182425694,-3.6758073841143224,7,8
258,4,145,2,4348,159.20093257523007,2660,661.0,23.352923386229357,4,1,8.857926397611878,23.039028345195202,13.565002102102156,2.406063402388579,-3.3275201861630745,6,10
259,4,146,2,4589,146.13420587922008,2590,617.0,21.82367476511575,4,1,9.916179171524751,23.472794617928415,10.456949422794127,2.642623090475984,-3.723726616497905,7,9
260,4,147,2,4378,162.0690673804908,2441,797.0,25.111883473940846,4,1,6.842797650556783,22.155944027912877,9.195103549856567,2.353964439107704,-3.3910791100555326,6,9
261,4,148,1,5378,164.94537177228034,2442,720.0,28.406015678242465,3,1,7.712929190219137,17.456950169144886,13.439744246819785,2.4853220136102974,-2.8887347521750537,8,10
262,4,149,2,5092,122.20074511213059,2388,790.0,27.724618844356375,4,1,8.744840708506317,21.239321980357385,10.479546863673004,2.725584892068531,-3.5090323221238644,8,11
263,4,150,3,5375,115.34839763002026,2146,558.0,26.375483943570917,4,1,7.388143628643856,17.14447081269391,11.079804313674574,2.3814391941002846,-2.902769072651434,6,8
264,1,63,1,5055,152.41882740171945,2453,740.0,26.383433292623373,3,1,9.00679895156642,21.30160918046075,12.841026969191732,2.6842044046044977,-3.145204385664225,6,9
265,1,64,1,4250,122.50058328463845,2352,775.0,25.765127418050955,3,1,6.7940108185931685,17.10729730924295,13.052223157914717,2.230583925785651,-3.933422796608427,6,11
266,1,65,1,5378,165.79278545360708,2506,585.0,27.228845559069867,4,1,8.376269918944281,19.27524922435035,11.713288806956493,2.182866460963602,-4.019674804192618,6,9
267,1,66,1,5927,132.90570259637718,1879,580.0,23.05987479380623,4,1,7.254656029070744,22.06820140276682,10.920789104005847,2.227783774385256,-3.4497082964673544,8,8
268,1,67,1,4217,143.55666825285124,2695,592.0,21.73975131938118,4,1,8.370178036151433,24.84257825924381,11.76999339436852,2.4677479960721422,-4.131670278984207,6,9
269,1,68,1,5228,167.21978163858972,2239,815.0,20.958106180658074,3,1,7.87220676186009,19.324937194034174,12.610210239442175,2.1107051371614682,-2.9713930749772337,6,10
270,1,69,3,5097,156.09182949293472,2272,557.0,25.540139509263515,5,1,8.739622629817807,25.238198242422616,9.213955367116725,2.0276476822483493,-3.949114182608848,8,9
271,1,70,3,6061,134.2655860460496,2459,711.0,22.18421461085444,5,1,7.098424060472679,17.941647894568206,12.105218527506704,2.716253197207501,-4.1383212367075055,7,8
272,1,71,3,4391,147.7796225535632,2270,686.0,28.32463162537968,5,1,8.736511811723533,18.03627872035981,11.460833156269029,2.6298217392832672,-2.8808331004525547,6,9
273,1,72,3,4843,129.9160580990487,2191,648.0,19.240225462636214,5,1,8.455281445826746,24.776933973346654,11.181062358287456,2.430748277256536,-3.3225386423029226,6,10
274,1,73,3,5073,152.34005099282473,2442,768.0,27.3710169667394,4,1,6.994404361560557,23.16524561082583,9.178689279225289,2.115537785598655,-3.6658872164451117,8,10
275,1,74,3,5746,158.0422654825532,2744,707.0,27.01655241826799,5,1,7.210151650337144,21.49566319136683,11.500985278319046,2.4776460255719917,-3.350951808583411,8,11
276,1,75,2,4744,169.8446549201715,2334,653.0,24.836891466134894,5,1,9.505222954196254,25.09068405694083,9.497240506006815,2.41732799950625,-3.4155399186770063,6,7
277,1,76,2,5504,153.2456680571439,1876,763.0,19.776998056780364,4,1,7.230779196338345,23.939601374139723,11.62293431783569,1.870110491782273,-3.247002227150965,8,10
278,1,77,2,4683,128.8033086136082,2416,596.0,19.48844436680154,4,1,7.196347140201754,20.45620375092315,11.94880134584271,2.6635539747915886,-2.945418081173191,6,9
279,1,78,2,5701,138.98527579366353,2275,661.0,28.42300289951188,4,1,7.8634185097511775,20.30107019867105,12.576819351819058,2.063985408287812,-2.9612646596115226,8,8
280,1,79,2,5685,119.09018168499091,2736,683.0,24.599903520027986,3,1,7.317749606805974,24.629164438929102,12.374519257488203,2.0045366515908127,-2.996939821159506,6,7
281,1,80,2,5470,155.69290257529306,2155,634.0,25.59174481122074,3,1,8.59446198639429,19.33824899317743,10.253462854904646,1.8925535096363304,-3.1726173983806096,6,8
282,1,81,2,4907,156.3851713977906,2053,728.0,26.162417438102032,4,1,9.940890030428115,17.72709740797155,9.256293179796982,1.914441673798571,-3.34119895663752,6,9
283,1,82,1,5960,117.04605135660489,2674,626.0,19.523071386969917,4,1,8.04293371517699,18.392281619636776,11.84890338040796,2.4045784878357073,-4.058034996985342,7,7
284,1,83,2,4411,156.12354986832966,2649,715.0,26.638694931407265,4,1,9.03229975786788,22.450822731464793,10.560276426974916,2.0965442377745,-4.059999666083844,8,8
285,1,84,3,5879,116.75803269245685,2341,811.0,22.440943860774617,4,1,8.937316584499088,22.666556337078628,13.088446061285962,1.9918710112079685,-3.2364196467127937,6,8
286,2,85,1,4867,118.05542997595974,2345,614.0,24.157961689449365,4,1,9.41760688998573,20.720853929738634,9.472795286979402,2.4889056691518334,-3.9478919766952387,5,11
287,2,86,1,5382,137.0779953459148,2340,661.0,20.516157076940793,5,1,8.228573071865776,21.650201528465992,9.983223867219627,2.24718583010152,-3.1795858859037405,7,7
288,2,87,1,5543,120.40096254458113,2068,823.0,25.408143933253662,4,1,7.434107062655373,25.16293433146531,10.040832302303267,2.6611674822865248,-3.4863851843173865,6,8
289,2,88,1,4676,116.55822224722003,2480,749.0,28.094263755363578,4,1,9.261631888699698,17.21373007500319,13.012510074960645,2.4223931045696823,-3.8660971587312876,6,8
290,2,89,1,5367,126.91050283916817,1844,675.0,22.242647589729973,3,1,6.823535697343306,24.856194953588293,12.473520869507983,2.609144282890007,-3.5295478441494486,8,11
291,2,90,1,4158,159.7929295759691,2731,680.0,24.691053731465217,3,1,7.662234437416607,19.404265673038257,11.031197163395117,2.083015555378176,-3.368125095812756,6,10
292,2,91,3,6133,135.16228602027064,1879,631.0,24.377977684608965,4,1,8.753269474454644,21.542354973288024,9.692813000609572,2.514625734095019,-3.73181125527268,7,10
293,2,92,3,4760,115.82987202977642,1917,769.0,22.321356828275576,4,1,9.420296474471233,25.127383107955374,12.260057116124536,2.515418612508466,-3.801675747795812,8,8
294,2,93,3,4906,144.97429289427603,2754,723.0,28.19162780601973,5,1,7.924990096366388,23.53405636270835,11.308372104304814,2.1418953291237024,-2.992474084239014,6,9
295,2,94,3,5589,143.75220981883493,2688,587.0,21.98591884693027,4,1,8.534918793859635,18.62318380076592,10.918990868683581,2.001605204638947,-3.41032308622735,8,8
296,2,95,3,5498,158.54281287726596,2446,691.0,28.5386326045463,4,1,7.319273683404606,23.50540128569735,10.181253009227673,2.068690498934557,-3.141093815368009,7,10
297,2,96,3,4642,152.26016907820429,2449,685.0,23.857534549427857,4,1,7.475408930425699,18.427341048789184,12.810908996525658,2.1041965107318297,-3.8527802321316735,6,10
298,2,97,2,5230,114.80784376102257,2063,804.0,19.17667134350345,5,1,8.530635860625681,20.16050830400329,13.36932798289616,2.1726336266034543,-2.8897088152037322,8,10
299,2,98,2,5505,120.24040496936053,2742,663.0,23.16369551589313,5,1,8.394623813835889,19.37997084241311,13.646553081146193,1.933834844543581,-2.951622138944596,7,11
300,2,99,2,4640,127.38577312731852,2438,584.0,27.77965713061312,4,1,9.4738116716992,25.02782576772235,10.41591370962771,2.411633340816425,-2.824999832978012,6,10
301,2,100,2,4284,135.5995408715687,2685,770.0,28.117012336769204,4,1,9.888001313944297,23.76334102609959,13.32742517204552,2.266770448557399,-3.1165845760318733,8,10
302,2,101,2,5290,167.40368669589228,2574,598.0,19.296968467236475,4,1,7.407951115012677,22.839539871967613,12.584718810538703,2.3516604059512463,-3.763294732369147,7,9
303,2,102,2,6010,133.0961626555647,2443,827.0,19.3062883215635,4,1,8.36941131586521,21.955983810700822,11.281764412545236,2.5366028006539567,-4.147055346447405,6,7
304,2,103,2,5272,151.14287371140685,2137,630.0,24.687499143717513,3,1,8.677817953686835,21.987851904479584,12.370056289564836,2.536777617496425,-3.8295869751386276,8,11
305,2,104,1,4392,133.44499853225068,2043,656.0,24.449667298619122,3,2,8.356453516043253,17.785457769734244,11.501086868910964,2.7782656539667143,-3.333308095258014,7,9
306,2,105,2,4680,169.7726468807898,2312,591.0,25.330986406840704,5,1,8.270605023991372,24.87953144923283,10.96743514731004,2.133168026624901,-3.2919405104364547,6,9
307,2,106,3,5379,160.37422201838368,1869,616.0,20.035443169875315,5,1,9.942798406511448,20.752879428957623,9.197560362311151,2.226577371341833,-2.907855392409351,8,10
308,3,107,1,4888,129.83305931490918,2693,704.0,24.698841398957455,4,1,7.174647788186076,23.729966873768163,9.345564139168353,1.9415223105329646,-4.140571061245183,7,8
309,3,108,1,5942,130.5676219322759,2110,809.0,28.015266155251048,5,1,7.849491078628986,18.84209151423534,9.432990619645217,2.1025100657965936,-3.1214021993079735,6,10
310,3,109,1,4938,144.1975726457814,1914,791.0,28.282412493278116,4,1,8.763491793359012,24.30551432077094,12.893653822899736,2.227885618847759,-3.7758249674810576,8,11
311,3,110,1,5145,119.30686227038296,2571,778.0,21.875312212472373,4,1,8.923055173715555,23.511601047979532,13.385069228361427,2.06481616868055,-3.0210667524321457,8,9
312,3,111,1,4571,122.28813011958911,2188,807.0,25.718072524012022,3,1,7.090468328562084,21.491120533380595,11.295172618057348,2.483789593086498,-3.2131870082782625,7,8
313,3,112,1,4221,168.75683456273393,1887,815.0,19.755977705786844,5,1,9.820751879755782,22.892540360987763,10.118890634314296,2.7581181902649377,-3.189743462293683,6,10
314,3,113,3,5277,161.41856356498468,2476,663.0,27.346610359923254,4,1,6.978453327425123,18.275050933594915,10.069737337528617,1.8657613120227952,-3.8573590503650546,6,11
315,3,114,3,6073,132.6603082557001,2502,730.0,25.765490411638773,3,1,7.486857534555506,24.59695162191067,11.748332425149313,2.7556452709345907,-3.0665461602183473,7,10
316,3,115,3,5555,169.29828983253452,2578,584.0,27.323181883713424,5,1,7.298594590545117,23.648228210578566,10.671293994425346,2.070818161334946,-3.1818258995138557,8,10
317,3,116,3,4567,147.26734543436862,2152,745.0,27.428735338007044,4,1,8.430080407685507,17.735658613648315,9.52371618112073,1.9249398798902704,-2.813138377254296,8,10
318,3,117,3,5491,136.4819378810795,2737,683.0,28.640879129925672,4,1,9.74198341309306,23.361440279061625,11.228414652839371,2.2394623867927548,-3.4230746006069954,7,10
319,3,118,3,4322,170.05502806948311,1947,629.0,23.162450086582293,5,1,6.809082881303857,20.4178536501288,9.606761245535791,2.0878432390261796,-3.580486137721071,8,10
320,3,119,2,4845,144.88134308521077,2115,562.0,27.134455271183505,4,1,8.229332024619634,21.3269453985299,10.944854202002428,2.664308797059551,-2.9207179342590504,8,8
321,3,120,2,4799,167.1408235400005,2033,630.0,25.61622007559417,3,1,7.552403583048218,24.77984381931961,9.152005621876532,2.5358328672162496,-3.38261327333138,6,8
322,3,121,2,6116,166.7293161065586,2035,741.0,24.630371602054794,4,1,9.03866485228178,21.927969665113835,11.982079396638252,1.8723660253199441,-3.250998638245771,6,8
323,3,122,2,4249,123.66200480801004,2060,693.0,26.882190172438904,4,1,8.064109546857242,23.906061730183346,12.510169232817276,2.082204859812032,-3.735989397188008,8,11
324,3,123,2,5201,134.17649363682992,2708,752.0,25.84159561347749,5,1,7.301730430831532,18.241752752292694,10.823072237638135,2.4996159264115976,-4.015369032797943,7,8
325,3,124,2,5600,126.2648912872682,2475,788.0,23.07207247930683,5,1,8.992342411159584,23.4317230491598,10.162414614059854,2.6320873056568463,-3.1782075557736222,8,11
326,3,125,2,4447,137.70860115154727,1864,633.0,20.416606356117793,4,1,7.717585162423158,18.975474806317987,11.294774946726209,1.9296917256475346,-3.022568622548148,7,9
327,3,126,1,6168,125.43325000279842,2522,763.0,20.29392781753709,4,1,6.993662686110859,19.848793990223953,13.133166923004215,2.002168713355191,-3.200143953177654,8,8
328,3,127,2,5849,140.00318688424585,2700,706.0,20.279005900282446,5,1,9.995965388651047,19.70841772375766,11.900572138849617,2.124618312981948,-3.430529587628857,8,11
329,3,128,3,4589,166.35341427060018,2602,720.0,27.742128934235627,5,1,9.761003145882823,22.31795412179242,9.920733034003712,2.3833460942242644,-3.9206882921479527,7,7
330,4,129,1,4461,122.92788577858337,2353,586.0,22.15088764439482,5,1,7.700015467102044,22.76021495412376,11.940694549576083,2.409595271804151,-3.9317960843148816,6,7
331,4,130,1,5874,136.18055021354115,1991,736.0,23.397334302794725,4,1,8.810253644090768,20.604644314423847,9.730551717758285,2.356336249723853,-2.8287794959568453,6,10
332,4,131,1,4820,156.34982912373943,2123,575.0,24.690899812941097,5,1,8.024905674755427,20.46472585207028,13.108635323166524,2.6294317755581504,-3.243584282496203,8,11
333,4,132,1,5372,134.12372689932587,2350,582.0,27.047773638632727,4,1,9.67610146488616,19.6833958492343,9.314060386552683,2.1616698116865307,-3.9686367631238806,6,8
334,4,133,1,5625,134.87749729852663,2312,576.0,24.48202796736223,4,1,9.297808701652134,18.17840631313717,9.50312502176233,2.0877862969615055,-2.9779220394384125,7,9
335,4,134,1,6111,116.63920555152976,2421,572.0,24.08916846383062,4,1,9.349615550491889,19.708512323129106,12.814352121600116,2.479874902884979,-3.848796705705534,8,8
336,4,135,3,4524,133.92131023278466,2329,786.0,27.051169859271937,4,1,8.834940982401429,20.997285059376086,9.297168272179036,2.4461388985377353,-4.130668562901961,8,10
337,4,136,3,4814,118.808808812394,2275,800.0,26.19939041496498,4,1,8.564356318825054,22.76334256513116,12.224714825432441,2.4948798858997216,-3.2504543231322987,7,10
338,4,137,3,5945,143.03830649164837,2686,558.0,21.626487661419183,3,1,7.445667703016819,19.012774354127124,11.651576362746166,2.2845782978903078,-3.2594962189274894,8,8
339,4,138,3,5052,128.26761308808386,2751,785.0,24.278244959029873,4,1,9.921201408193706,23.837677258091404,12.100073550250617,2.659098822774144,-3.0836330022666774,8,11
340,4,139,3,4927,138.39747239485826,2311,764.0,19.602636795698572,5,1,9.055562070609913,18.88394982997793,12.037121668119163,2.535271794670924,-3.423793618392262,5,7
341,4,140,3,6138,127.7134702881725,1867,657.0,20.629525358668552,3,1,7.113033258222476,20.26188952082129,9.892086302983536,2.352195830333103,-3.036697905165941,8,10
342,4,141,2,4299,166.7992471169635,2077,601.0,19.24505243117803,4,1,9.362376922413407,24.46179536471943,12.119487647523583,2.2010032804699575,-3.6465546690385566,7,11
343,4,142,2,5785,138.22438481445755,2392,795.0,24.415149535983943,4,1,8.024492385131332,22.754305725838297,11.620930192072318,2.333015281681968,-3.3863314024901046,8,8
344,4,143,2,5011,162.3379718539975,2425,759.0,22.527461957192568,4,1,9.767124956078083,19.1730564119283,12.976946875308204,2.203698917512149,-4.125628028714355,7,8
345,4,144,2,5672,143.23675231222728,2000,631.0,27.1771754494766,4,1,9.716104628591218,18.35576938495952,13.089019873679229,2.727836611023431,-3.6964644744075343,5,10
346,4,145,2,6128,139.8693275845361,2302,749.0,25.03036750422704,5,1,6.8399118377478585,25.04140623063234,13.400351053405439,2.5091937839627425,-2.8162115489445663,6,9
347,4,146,2,4236,166.04200893031145,2566,624.0,27.16981921471965,5,1,7.086968099686491,24.920026165927183,13.657514814091945,2.4999403903169344,-4.132362755646641,6,9
348,4,147,2,5449,127.10167321358671,2657,804.0,22.562550351321985,4,1,6.916413495418791,19.718605724457337,11.64157051086441,2.0035006108810274,-3.6184801467957697,6,8
349,4,148,1,4645,137.71534353318881,2205,604.0,19.798284244226583,5,1,7.821238101015062,17.726345627654382,10.049151595049649,2.31002204164268,-3.087185890075405,7,11
350,4,149,2,5291,163.38167713162395,2366,641.0,27.304647166729982,4,1,7.76230440717506,21.16868973280769,9.303332076550378,2.6021136490417383,-2.9932434561556507,6,11
351,4,150,3,4465,124.62817430527485,2568,751.0,22.36034874311224,4,1,9.354027598583274,18.097171855586094,11.224076994395146,2.77678563250196,-3.119575149211775,8,8
